team_id,full_name,nickname,short_name,city
24,New York Knicks,Knicks,NYK,New York
21,Milwaukee Bucks,Bucks,MIL,Milwaukee
12,Guangzhou Long-Lions,Long-Lions,GUA,Guangzhou
27,Philadelphia 76ers,76ers,PHI,Philadelphia
41,Washington Wizards,Wizards,WAS,Washington
2,Boston Celtics,Celtics,BOS,Boston
39,USA USA,USA,USA,USA
38,Toronto Raptors,Raptors,TOR,Toronto
